{
  "signedContributors": [
    {
      "name": "saberzero1",
      "id": 8161064,
      "comment_id": 2946150047,
      "created_at": "2025-06-05T20:41:56Z",
      "repoId": 775828402,
      "pullRequestNo": 23
    },
    {
      "name": "mProjectsCode",
      "id": 61602848,
      "comment_id": 3008434453,
      "created_at": "2025-06-26T13:06:36Z",
      "repoId": 775828402,
      "pullRequestNo": 45
    },
    {
      "name": "jesse-r-s-hines",
      "id": 47368565,
      "comment_id": 3070893346,
      "created_at": "2025-07-14T20:32:43Z",
      "repoId": 775828402,
      "pullRequestNo": 54
    },
    {
      "name": "johansan",
      "id": 2589839,
      "comment_id": 3299427237,
      "created_at": "2025-09-16T16:02:51Z",
      "repoId": 775828402,
      "pullRequestNo": 58
    },
    {
      "name": "chrisgrieser",
      "id": 73286100,
      "comment_id": 3502029011,
      "created_at": "2025-11-07T11:31:10Z",
      "repoId": 775828402,
      "pullRequestNo": 69
    }
  ]
}