{
    "version": "0.2",
    "ignorePaths": [
        "dist",
        "node_modules",
        "tsconfig.tsbuildinfo"
    ],
    "dictionaryDefinitions": [],
    "dictionaries": [],
    "words": [
        "antfu",
        "AQID",
        "astro",
        "astrojs",
        "autocompleting",
        "autocompletions",
        "autorun",
        "backlink",
        "backlinks",
        "Bbox",
        "blinkfetch",
        "bodgy",
        "btime",
        "Callout",
        "chrisgrieser",
        "chtml",
        "codemirror",
        "collab",
        "colord",
        "contentdom",
        "contenteditable",
        "csscache",
        "datetime",
        "Debouncer",
        "discoverability",
        "Docable",
        "dompurify",
        "dprint",
        "dragevent",
        "emacsy",
        "Embeddable",
        "Fevol",
        "FILEHASH",
        "flac",
        "flexgrow",
        "focusable",
        "Forelinks",
        "Frameless",
        "Frontmatter",
        "guopenghui",
        "Haverbeke",
        "HTMLI",
        "Insertable",
        "kevboh",
        "keybind",
        "Keydown",
        "Keymap",
        "keymaps",
        "keyof",
        "Keyscope",
        "lezer",
        "linewise",
        "linkpath",
        "linktext",
        "localgraph",
        "localstorage",
        "Lucide",
        "mapclear",
        "Marijn",
        "mathjax",
        "metadatacache",
        "minifier",
        "mnaoumov",
        "Mouseout",
        "msdf",
        "Mult",
        "multitext",
        "Naumov",
        "nocheck",
        "nodenext",
        "noremap",
        "nospaces",
        "obsdmd",
        "obsidianmd",
        "offref",
        "onunload",
        "Outliner",
        "pagefind",
        "panv",
        "Parens",
        "parsinom",
        "pdfjs",
        "PIXI",
        "pixijs",
        "pjeby",
        "Popout",
        "preapproved",
        "precompute",
        "prefixer",
        "preminor",
        "previouspath",
        "prismjs",
        "Quorafind",
        "rachtsingh",
        "reinit",
        "Renameable",
        "reparent",
        "resave",
        "resizer",
        "Rgba",
        "screenshotting",
        "scrollers",
        "seti",
        "Sidedock",
        "softprops",
        "subkey",
        "synchash",
        "synctime",
        "tablecell",
        "titlebar",
        "toggleable",
        "tsbuildinfo",
        "tsdoc",
        "unblurred",
        "Uncollapse",
        "uncollapsed",
        "unfocus",
        "Unhover",
        "Unindents",
        "unmap",
        "unsetup",
        "unxok",
        "vite",
        "vkey",
        "Watchpath",
        "Webviewer",
        "wikilink",
        "Wikilinks",
        "worktree",
        "zoomin",
        "zoomout"
    ],
    "ignoreWords": [],
    "import": [],
    "enabled": true
}
